,RMSE,MAE,MAPE
node_10,5435.6501953125,3741.7775146484373,33.72204036712647
node_20,5331.768994140625,3671.8860595703127,33.250786781311035
node_30,5287.03369140625,3640.1414794921875,33.09078502655029
node_40,5269.679443359375,3634.8260986328123,33.1814058303833
node_50,5261.2326171875,3626.4120361328123,33.02829456329346
node_80,5195.071875,3583.4890380859374,32.92213668823242
